<?xml version="1.0" encoding="UTF-8"?>
<!DOCTYPE mapper
  PUBLIC "-//mybatis.org//DTD Mapper 3.0//EN"
  "https://mybatis.org/dtd/mybatis-3-mapper.dtd">

<mapper namespace="com.ssafit.movie.dao.ReviewDao">
	<select id="selectListByMovie" parameterType="int" resultType="Review">
		SELECT * FROM reviews
		WHERE movie_id = #{movieId}
	</select>
	
	<select id="selectReviewById" parameterType="int" resultType="Review">
		SELECT * FROM reviews
		WHERE movie_id = #{movieId} AND id = #{id}
	</select>
	
	<insert id="insertReview" parameterType="Review">
		INSERT INTO reviews (user_id, movie_id, title, content)
		VALUES (#{userId}, #{movieId}, #{title}, #{content})
	</insert>
	
	<update id="updateReview" parameterType="Review">
		UPDATE reviews
		SET title = #{title}, content = #{content}
		WHERE movie_id = #{movieId} AND user_id = #{userId}
	</update>
	
	<delete id="deleteReview">
		DELETE FROM reviews
		WHERE movie_id = #{movieId} AND user_id = #{userId}
	</delete>
</mapper>