<?xml version="1.0" encoding="UTF-8" ?>
<!DOCTYPE mapper PUBLIC "-//mybatis.org//DTD Mapper 3.0//EN" 
	"http://mybatis.org/dtd/mybatis-3-mapper.dtd">
<mapper namespace="com.ssafy.ws.model.dao.MovieDao">
	<!-- 전체 게시글 조회 -->
	<select id="selectAll" resultType="movie">
		SELECT * FROM movies;
	</select>
	
	<!-- 상세 게시글 조회 -->
	<select id="selectOne"  resultType="Movie" parameterType="string">
		SELECT * FROM movies
		WHERE title = #{title};
	</select>
	
	<!-- 게시글 등록 -->
	<insert id="insertMovie" parameterType="Movie" keyProperty="id" useGeneratedKeys="true">
		INSERT INTO movies (id, title, director)
		VALUES (#{id}, #{title}, #{director});
	</insert>
	
		<!-- 특정 위치 게시글 등록 -->
	<insert id="insertMovieSelected" parameterType="Movie" keyProperty="id" useGeneratedKeys="true">
		INSERT INTO movie (id, title, director, genre)
		VALUES (#{id}, #{title}, #{director}, #{genre});
	</insert>
	
<!-- 트랜잭션 테스트를 위한 임시 코드  	
	<insert id="insertBoard" parameterType="Board">
		INSERT INTO board (id, title, writer, content)
		VALUES (#{id}, #{title}, #{writer}, #{content});
	</insert> -->

	<!-- 게시글 삭제  -->
	<delete id="deleteMovie" parameterType="int">
		DELETE FROM movies
		WHERE id = #{id};
	</delete>
	
	<!-- 게시글 수정 -->
	<!-- 만약에 날짜가 수정날짜 였다면 같이 수정해줘야된다. -->
	<update id="updateMovie" parameterType="Movie">
		UPDATE movies
		SET title = #{title}, director = #{director}
		WHERE id = #{id};
	</update>
</mapper>